annee,Chômage total (%),Chômage des jeunes 15-24 (%),Croissance du PIB (%),Participation des femmes au marché du travail (%)
2000,13.58,20.391,2.582,24.934
2001,12.46,18.869,7.722,25.365
2002,11.59,17.599,3.73,24.788
2003,11.92,17.041,6.171,25.041
2004,10.83,15.443,4.571,25.293
2005,11.01,15.713,3.192,25.54
2006,9.67,16.473,7.791,25.784
2007,9.56,15.597,3.441,26.029
2008,9.57,18.2,5.685,26.278
2009,8.96,16.646,3.746,25.909
2010,9.09,17.621,3.5,25.546
2011,8.91,17.931,5.525,25.118
2012,8.99,18.642,3.062,24.358
2013,9.23,19.162,4.122,24.718
2014,9.7,19.97,2.719,24.779
2015,9.46,20.826,4.345,24.362
2016,9.3,22.265,0.521,23.275
2017,9.22,22.167,5.058,22.45
2018,9.27,22.431,3.066,22.23
2019,9.2,22.475,2.891,21.999
2020,11.9,31.2,-7.178,20.688
2021,12.3,31.8,8.155,20.697
2022,11.8,32.7,1.813,19.584
2023,13.0,35.8,3.656,19.671
2024,13.3,36.7,3.793,19.1
2025,13.0,37.2,4.595,19.0
